measure,label,content,stratum,tier,n_visible,n_hidden,mean_visible,mean_hidden,delta,U_stat,p_value,sig
mean_A1_count,A1 quoting (count),All,1,1–9,5538,4706,0.09592877779497497,0.09687319279860716,-0.0009444150036321958,13043757.5,0.8393245912392595,
mean_A1_count,A1 quoting (count),All,2,10–19,632,960,0.12694268635724332,0.127109375,-0.00016668864275667938,304367.0,0.8238109871381327,
mean_A1_count,A1 quoting (count),All,3,20–29,277,452,0.11630565583634177,0.11309260429835652,0.003213051537985248,62711.5,0.9339545794539839,
mean_A1_count,A1 quoting (count),All,4,30–39,343,202,0.11594474524503677,0.19174917491749174,-0.07580442967245497,32896.5,0.049550147653864805,**
mean_A1_count,A1 quoting (count),All,5,40–49,321,198,0.09880581516095535,0.1268939393939394,-0.02808812423298404,31292.0,0.511067788795015,
mean_A1_count,A1 quoting (count),All,6,50–99,890,511,0.14544408774745854,0.1479125896934116,-0.00246850194595305,225271.5,0.5484497054143795,
mean_A1_count,A1 quoting (count),All,7,100+,1067,1239,0.1638472352389878,0.15216326350656278,0.011683971732425025,678301.0,0.03916899456998383,**
mean_A1_count,A1 quoting (count),Subjective,1,1–9,3079,2627,0.09337601880635332,0.08564477226449056,0.00773124654186276,4078802.5,0.1717075362975874,
mean_A1_count,A1 quoting (count),Subjective,2,10–19,360,524,0.1487037037037037,0.13196564885496184,0.016738054848741857,94209.5,0.954496031188256,
mean_A1_count,A1 quoting (count),Subjective,3,20–29,157,242,0.07547770700636942,0.1464236521054703,-0.07094594509910086,18406.0,0.2719793765445142,
mean_A1_count,A1 quoting (count),Subjective,4,30–39,182,114,0.09226844583987442,0.10058479532163742,-0.008316349481762991,9982.5,0.24901765971732004,
mean_A1_count,A1 quoting (count),Subjective,5,40–49,181,111,0.0938305709023941,0.08858858858858858,0.005241982313805529,10184.0,0.6599995744753302,
mean_A1_count,A1 quoting (count),Subjective,6,50–99,466,282,0.16109748620478234,0.15177304964539007,0.009324436559392274,64796.5,0.5298741682319553,
mean_A1_count,A1 quoting (count),Subjective,7,100+,573,662,0.15728621291448516,0.14501510574018128,0.01227110717430388,197415.5,0.015028226196222023,**
mean_A1_count,A1 quoting (count),Factual,1,1–9,2459,2079,0.09912517670752725,0.11106129320415033,-0.011936116496623073,2534154.5,0.26153834843866053,
mean_A1_count,A1 quoting (count),Factual,2,10–19,272,436,0.09814133986928104,0.12127293577981652,-0.02313159591053547,59796.5,0.6978849667688283,
mean_A1_count,A1 quoting (count),Factual,3,20–29,120,210,0.16972222222222222,0.07468253968253968,0.09503968253968254,13138.0,0.17497332725496362,
mean_A1_count,A1 quoting (count),Factual,4,30–39,161,88,0.1427092576160899,0.3098484848484848,-0.1671392272323949,6600.5,0.0939114270837962,*
mean_A1_count,A1 quoting (count),Factual,5,40–49,140,87,0.10523809523809524,0.1757662835249042,-0.07052818828680896,5774.5,0.14002667248038247,
mean_A1_count,A1 quoting (count),Factual,6,50–99,424,229,0.12824011680143757,0.14315866084425036,-0.014918544042812787,48406.0,0.8938603222577004,
mean_A1_count,A1 quoting (count),Factual,7,100+,494,577,0.1714574898785425,0.16036444278099013,0.011093047097552378,143816.5,0.6362907411282261,
mean_A1_binary,A1 quoting (binary),All,1,1–9,5538,4706,0.04720137061686357,0.047840434580766075,-0.0006390639639025086,13043316.0,0.844762138577256,
mean_A1_binary,A1 quoting (binary),All,2,10–19,632,960,0.07196729957805906,0.07092681623931624,0.0010404833387428203,304250.5,0.8438908746507605,
mean_A1_binary,A1 quoting (binary),All,3,20–29,277,452,0.056317689530685916,0.05324747155499368,0.0030702179756922354,62701.5,0.9399975341382119,
mean_A1_binary,A1 quoting (binary),All,4,30–39,343,202,0.05201305011800638,0.08531353135313532,-0.033300481235128944,32900.0,0.049982400900810686,**
mean_A1_binary,A1 quoting (binary),All,5,40–49,321,198,0.050415368639667696,0.06074635241301908,-0.010330983773351385,31298.0,0.5162393128231795,
mean_A1_binary,A1 quoting (binary),All,6,50–99,890,511,0.06617710005350455,0.07408132202652751,-0.007904221973022957,225164.0,0.5282667440656235,
mean_A1_binary,A1 quoting (binary),All,7,100+,1067,1239,0.08309903155263978,0.06930711233532584,0.013791919217313944,678418.5,0.03780381634032112,**
mean_A1_binary,A1 quoting (binary),Subjective,1,1–9,3079,2627,0.04604850059543142,0.041114115762003085,0.004934384833428333,4078556.5,0.17474587773436034,
mean_A1_binary,A1 quoting (binary),Subjective,2,10–19,360,524,0.07240740740740739,0.0778148854961832,-0.005407478088775813,94046.5,0.8873536542848043,
mean_A1_binary,A1 quoting (binary),Subjective,3,20–29,157,242,0.043949044585987265,0.05916469893742621,-0.015215654351438943,18415.5,0.27973135854321096,
mean_A1_binary,A1 quoting (binary),Subjective,4,30–39,182,114,0.04733124018838304,0.06783625730994153,-0.020505017121558486,9979.0,0.244780180882344,
mean_A1_binary,A1 quoting (binary),Subjective,5,40–49,181,111,0.05883977900552485,0.04454454454454455,0.014295234460980306,10194.0,0.6370369291000786,
mean_A1_binary,A1 quoting (binary),Subjective,6,50–99,466,282,0.06770641733088086,0.08157998423955871,-0.013873566908677859,64714.5,0.49329830244524464,
mean_A1_binary,A1 quoting (binary),Subjective,7,100+,573,662,0.08196625945317045,0.061052366565961726,0.02091389288720872,197479.5,0.014191652617947659,**
mean_A1_binary,A1 quoting (binary),Factual,1,1–9,2459,2079,0.04864491953755882,0.05633973209730785,-0.007694812559749034,2534167.5,0.26176651572406473,
mean_A1_binary,A1 quoting (binary),Factual,2,10–19,272,436,0.07138480392156862,0.06264849447188896,0.008736309449679666,59864.5,0.6591832990413342,
mean_A1_binary,A1 quoting (binary),Factual,3,20–29,120,210,0.0725,0.04642857142857143,0.026071428571428565,13122.0,0.18813756869560283,
mean_A1_binary,A1 quoting (binary),Factual,4,30–39,161,88,0.05730553090801537,0.10795454545454546,-0.050649014546530084,6607.5,0.09869580982683591,*
mean_A1_binary,A1 quoting (binary),Factual,5,40–49,140,87,0.039523809523809524,0.08141762452107279,-0.041893814997263266,5765.5,0.12899977181086822,
mean_A1_binary,A1 quoting (binary),Factual,6,50–99,424,229,0.06449629380053909,0.0648471615720524,-0.0003508677715133163,48419.0,0.9035335388470375,
mean_A1_binary,A1 quoting (binary),Factual,7,100+,494,577,0.08441295546558705,0.07877789517643334,0.005635060289153712,143858.5,0.6253051402707819,
mean_A2,A2 paraphrase,All,1,1–9,5538,4706,0.019984221568728613,0.020156232656232655,-0.0001720110875040419,13053852.0,0.6269932151553335,
mean_A2,A2 paraphrase,All,2,10–19,632,960,0.029148457906369298,0.024000279234654236,0.005148178671715062,308542.0,0.11347075188157467,
mean_A2,A2 paraphrase,All,3,20–29,277,452,0.04263365996217982,0.025160127483136334,0.017473532479043485,64038.0,0.22629139065999393,
mean_A2,A2 paraphrase,All,4,30–39,343,202,0.02471192558656115,0.025945094509450945,-0.0012331689228897956,33863.0,0.24296387860512658,
mean_A2,A2 paraphrase,All,5,40–49,321,198,0.026019878356326957,0.02751122334455668,-0.0014913449882297224,31507.5,0.6657400586819615,
mean_A2,A2 paraphrase,All,6,50–99,890,511,0.022680577849117173,0.03452924548814959,-0.011848667639032417,223222.5,0.12689918228691166,
mean_A2,A2 paraphrase,All,7,100+,1067,1239,0.037910028116213676,0.02871943913895698,0.009190588977256695,671261.5,0.10755383130776548,
mean_A2,A2 paraphrase,Subjective,1,1–9,3079,2627,0.021094768967454908,0.019521510718693815,0.0015732582487610926,4072722.0,0.14789799686507146,
mean_A2,A2 paraphrase,Subjective,2,10–19,360,524,0.033039021164021166,0.021213566967383763,0.011825454196637403,96908.0,0.05982768366424282,*
mean_A2,A2 paraphrase,Subjective,3,20–29,157,242,0.04814983318168031,0.022337648577317994,0.02581218460436232,19739.5,0.14293585858730937,
mean_A2,A2 paraphrase,Subjective,4,30–39,182,114,0.027472527472527472,0.031725146198830406,-0.004252618726302934,10057.5,0.24593723232657705,
mean_A2,A2 paraphrase,Subjective,5,40–49,181,111,0.030071033938437255,0.03743743743743743,-0.007366403499000175,9965.5,0.7797003957021498,
mean_A2,A2 paraphrase,Subjective,6,50–99,466,282,0.021088800326997753,0.03555949566587865,-0.014470695338880894,64650.5,0.33299768009243846,
mean_A2,A2 paraphrase,Subjective,7,100+,573,662,0.03144269924374636,0.0360451733563516,-0.00460247411260524,189347.0,0.901075810531594,
mean_A2,A2 paraphrase,Factual,1,1–9,2459,2079,0.018593666285817566,0.020958259847148736,-0.0023645935613311707,2543673.0,0.36944603667085163,
mean_A2,A2 paraphrase,Factual,2,10–19,272,436,0.023999183006535946,0.027349447188896727,-0.0033502641823607814,59523.0,0.8120890586874271,
mean_A2,A2 paraphrase,Factual,3,20–29,120,210,0.035416666666666666,0.028412698412698414,0.007003968253968252,12627.0,0.9372415326084712,
mean_A2,A2 paraphrase,Factual,4,30–39,161,88,0.021591245193729666,0.01845730027548209,0.003133944918247575,6996.5,0.6660889954794922,
mean_A2,A2 paraphrase,Factual,5,40–49,140,87,0.020782312925170066,0.014846743295019156,0.0059355696301509105,6030.5,0.7167662935024832,
mean_A2,A2 paraphrase,Factual,6,50–99,424,229,0.02443003144654088,0.03326055312954876,-0.00883052168300788,47535.0,0.23225632365960347,
mean_A2,A2 paraphrase,Factual,7,100+,494,577,0.04541160593792172,0.020314523970992964,0.025097081966928756,147544.5,0.011113914878389003,**
mean_A3,A3 clarification,All,1,1–9,5538,4706,0.06404126324900972,0.05597917659381747,0.008062086655192244,13156471.0,0.09307421010336503,*
mean_A3,A3 clarification,All,2,10–19,632,960,0.06132270946353224,0.05805620305620306,0.0032665064073291866,306301.0,0.5377895996184392,
mean_A3,A3 clarification,All,3,20–29,277,452,0.10252707581227437,0.07012119517650492,0.03240588063576945,65350.5,0.09867567675586007,*
mean_A3,A3 clarification,All,4,30–39,343,202,0.06371650701096765,0.06158865886588659,0.00212784814508106,34522.5,0.9050493231432263,
mean_A3,A3 clarification,All,5,40–49,321,198,0.08529149977748107,0.08479236812570147,0.0004991316517796024,31514.0,0.7815908548735292,
mean_A3,A3 clarification,All,6,50–99,890,511,0.07333333333333333,0.0659491193737769,0.007384213959556435,233741.5,0.11585578108158678,
mean_A3,A3 clarification,All,7,100+,1067,1239,0.07531321380899639,0.10389926782968155,-0.02858605402068516,646383.5,0.13437734449404534,
mean_A3,A3 clarification,Subjective,1,1–9,3079,2627,0.06440222294395728,0.05591470609076242,0.008487516853194862,4093759.5,0.1151363825550287,
mean_A3,A3 clarification,Subjective,2,10–19,360,524,0.06436838624338624,0.06834952579227388,-0.003981139548887638,94370.5,0.9809627444644073,
mean_A3,A3 clarification,Subjective,3,20–29,157,242,0.0959660297239915,0.07353214966851332,0.02243388005547818,19399.5,0.5628131554200644,
mean_A3,A3 clarification,Subjective,4,30–39,182,114,0.03779434850863422,0.06637426900584795,-0.028579920497213723,9955.0,0.27854952377108977,
mean_A3,A3 clarification,Subjective,5,40–49,181,111,0.1016574585635359,0.09794794794794795,0.003709510615587955,9927.5,0.7833116276924931,
mean_A3,A3 clarification,Subjective,6,50–99,466,282,0.07490036787247087,0.06400709219858156,0.010893275673889313,67701.5,0.21530961603336174,
mean_A3,A3 clarification,Subjective,7,100+,573,662,0.07602218898030416,0.10304218272496218,-0.027019993744658022,184106.0,0.14448914313228678,
mean_A3,A3 clarification,Factual,1,1–9,2459,2079,0.06358929297623889,0.05606064076482546,0.007528652211413425,2572434.5,0.453360687777173,
mean_A3,A3 clarification,Factual,2,10–19,272,436,0.057291666666666664,0.045685328942209676,0.011606337724456989,60448.5,0.3746714616592385,
mean_A3,A3 clarification,Factual,3,20–29,120,210,0.1111111111111111,0.06619047619047619,0.044920634920634916,13491.0,0.06779796906479826,*
mean_A3,A3 clarification,Factual,4,30–39,161,88,0.09301981662230109,0.055389118457300275,0.037630698165000816,7359.5,0.39631997887908876,
mean_A3,A3 clarification,Factual,5,40–49,140,87,0.06413265306122448,0.06800766283524903,-0.0038750097740245515,6070.0,0.9382897453333382,
mean_A3,A3 clarification,Factual,6,50–99,424,229,0.07161107367475293,0.06834061135371179,0.00327046232104114,49796.5,0.318302280027986,
mean_A3,A3 clarification,Factual,7,100+,494,577,0.07449086001717581,0.10488261330511348,-0.030391753287937667,140571.5,0.5315244203021152,
mean_B1,B1 extension,All,1,1–9,5538,4706,0.021385291807827018,0.02478952907129702,-0.0034042372634700037,12991063.5,0.37749005169382177,
mean_B1,B1 extension,All,2,10–19,632,960,0.020020218002812937,0.022962962962962963,-0.002942744960150026,300975.0,0.3925820651239694,
mean_B1,B1 extension,All,3,20–29,277,452,0.02135980746089049,0.033185840707964605,-0.011826033247074114,62411.0,0.8410323317287518,
mean_B1,B1 extension,All,4,30–39,343,202,0.025753158406219626,0.019801980198019802,0.005951178208199823,35284.5,0.2677083723044832,
mean_B1,B1 extension,All,5,40–49,321,198,0.01723779854620976,0.016835016835016835,0.00040278171119292536,31769.0,0.9831285006513053,
mean_B1,B1 extension,All,6,50–99,890,511,0.0150561797752809,0.02800608828006088,-0.01294990850477998,224760.5,0.2212396387846728,
mean_B1,B1 extension,All,7,100+,1067,1239,0.031712560063075525,0.02381272659723023,0.007899833465845295,668290.5,0.1975663605273532,
mean_B1,B1 extension,Subjective,1,1–9,3079,2627,0.02141027028977662,0.02293913631941801,-0.0015288660296413903,4044251.5,0.9993737349367886,
mean_B1,B1 extension,Subjective,2,10–19,360,524,0.01863425925925926,0.016825699745547075,0.0018085595137121852,93990.5,0.7540379213521604,
mean_B1,B1 extension,Subjective,3,20–29,157,242,0.03184713375796178,0.02066115702479339,0.011185976733168394,19484.0,0.17503453736621788,
mean_B1,B1 extension,Subjective,4,30–39,182,114,0.028846153846153848,0.03508771929824561,-0.006241565452091764,10422.0,0.8569785204088154,
mean_B1,B1 extension,Subjective,5,40–49,181,111,0.007366482504604051,0.018018018018018018,-0.010651535513413968,9884.5,0.30783319604308435,
mean_B1,B1 extension,Subjective,6,50–99,466,282,0.017399856938483546,0.03656422379826635,-0.019164366859782803,64530.0,0.2197309554518755,
mean_B1,B1 extension,Subjective,7,100+,573,662,0.02571954901797834,0.03168848606915072,-0.005968937051172383,187812.0,0.4114997450952239,
mean_B1,B1 extension,Factual,1,1–9,2459,2079,0.02135401537597552,0.027127663635600145,-0.005773648259624627,2538474.0,0.19338018118152833,
mean_B1,B1 extension,Factual,2,10–19,272,436,0.021854575163398695,0.030338939857288482,-0.008484364693889787,58538.5,0.40493366417363696,
mean_B1,B1 extension,Factual,3,20–29,120,210,0.007638888888888888,0.047619047619047616,-0.03998015873015873,12120.5,0.1226422832727995,
mean_B1,B1 extension,Factual,4,30–39,161,88,0.022256728778467908,0.0,0.022256728778467908,7348.0,0.06787358755023717,*
mean_B1,B1 extension,Factual,5,40–49,140,87,0.030000000000000002,0.01532567049808429,0.014674329501915712,6211.5,0.4310437378732924,
mean_B1,B1 extension,Factual,6,50–99,424,229,0.012480345911949684,0.017467248908296942,-0.004986902996347258,48399.0,0.7896194316209455,
mean_B1,B1 extension,Factual,7,100+,494,577,0.03866396761133604,0.014776759924073613,0.023887207687262425,147515.0,0.004398987077075204,***
mean_B2,B2 critique,All,1,1–9,5538,4706,0.2621839884163828,0.2535821414619757,0.008601846954407077,13164355.5,0.26210903136095387,
mean_B2,B2 critique,All,2,10–19,632,960,0.30620604781997185,0.29997956326081326,0.006226484559158585,306096.0,0.7169451808025475,
mean_B2,B2 critique,All,3,20–29,277,452,0.39412927625924016,0.3837520333648652,0.010377242894374972,63552.0,0.7002478650724969,
mean_B2,B2 critique,All,4,30–39,343,202,0.3251492433708177,0.3705895589558955,-0.04544031558507783,32704.0,0.2122738306279699,
mean_B2,B2 critique,All,5,40–49,321,198,0.29445927903871827,0.35907687991021325,-0.06461760087149498,29624.5,0.12350289661240187,
mean_B2,B2 critique,All,6,50–99,890,511,0.34219368646334936,0.3459230267449446,-0.003729340281595217,226848.0,0.9306021788086288,
mean_B2,B2 critique,All,7,100+,1067,1239,0.37245807925283086,0.3791912024160155,-0.00673312316318464,657165.0,0.7855408221847555,
mean_B2,B2 critique,Subjective,1,1–9,3079,2627,0.25426957835207264,0.24768252567548343,0.006587052676589211,4073840.0,0.5467406223364979,
mean_B2,B2 critique,Subjective,2,10–19,360,524,0.2964351851851852,0.30463364561647005,-0.00819846043128486,93715.0,0.8469391345291838,
mean_B2,B2 critique,Subjective,3,20–29,157,242,0.3776463451622687,0.4189638529514562,-0.041317507789187524,18193.5,0.42921179386619934,
mean_B2,B2 critique,Subjective,4,30–39,182,114,0.3080193615907902,0.32105263157894737,-0.013033269988157181,10135.0,0.6975329952709411,
mean_B2,B2 critique,Subjective,5,40–49,181,111,0.29675085503814785,0.34959959959959963,-0.05284874456145178,9469.0,0.33208766708553217,
mean_B2,B2 critique,Subjective,6,50–99,466,282,0.34582822399346,0.33439716312056744,0.011431060872892584,66794.0,0.6599335571206744,
mean_B2,B2 critique,Subjective,7,100+,573,662,0.36420468711044623,0.37060873626205953,-0.0064040491516133,187882.0,0.7463300176484308,
mean_B2,B2 critique,Factual,1,1–9,2459,2079,0.27209389837490694,0.2610368267294674,0.011057071645439565,2591281.0,0.3210909220487199,
mean_B2,B2 critique,Factual,2,10–19,272,436,0.31913807189542487,0.2943861248333725,0.02475194706205236,61009.0,0.4423475987631824,
mean_B2,B2 critique,Factual,3,20–29,120,210,0.4156944444444444,0.34317460317460313,0.07251984126984129,13607.5,0.17067996398419183,
mean_B2,B2 critique,Factual,4,30–39,161,88,0.34451345755693585,0.43476239669421496,-0.0902489391372791,6351.0,0.1313144880513708,
mean_B2,B2 critique,Factual,5,40–49,140,87,0.29149659863945576,0.3711685823754789,-0.07967198373602313,5601.5,0.22475902353254418,
mean_B2,B2 critique,Factual,6,50–99,424,229,0.3381991239892183,0.3601164483260553,-0.02191732433683702,47361.0,0.5479456191057179,
mean_B2,B2 critique,Factual,7,100+,494,577,0.38203134584713533,0.3890379833413516,-0.007006637494216261,142270.0,0.9559088662103298,
mean_C1,C1 acknowledgment,All,1,1–9,5538,4706,0.22391214679947075,0.22839386288971925,-0.0044817160902485,12983284.0,0.6827887769159005,
mean_C1,C1 acknowledgment,All,2,10–19,632,960,0.22604731766124175,0.2598510950854701,-0.033803777424228354,293258.5,0.16918127859240273,
mean_C1,C1 acknowledgment,All,3,20–29,277,452,0.36265257005329204,0.2882083808521861,0.07444418920110596,68055.5,0.024744802681491613,**
mean_C1,C1 acknowledgment,All,4,30–39,343,202,0.2666389004581424,0.3425292529252925,-0.07589035246715009,31630.0,0.048446532878111716,**
mean_C1,C1 acknowledgment,All,5,40–49,321,198,0.24754487464767838,0.261672278338945,-0.014127403691266638,31730.0,0.9710447899604638,
mean_C1,C1 acknowledgment,All,6,50–99,890,511,0.2665382557517389,0.30812133072407044,-0.041583074972331546,219633.5,0.20532596123647429,
mean_C1,C1 acknowledgment,All,7,100+,1067,1239,0.3195212940761207,0.31363785372628405,0.005883440349836622,663140.0,0.8771271327605076,
mean_C1,C1 acknowledgment,Subjective,1,1–9,3079,2627,0.2268712270011393,0.21762302589767377,0.009248201103465525,4091996.0,0.32234608671632814,
mean_C1,C1 acknowledgment,Subjective,2,10–19,360,524,0.22438492063492063,0.2684637404580153,-0.04407881982309467,90199.0,0.1792726959472274,
mean_C1,C1 acknowledgment,Subjective,3,20–29,157,242,0.3623445556566575,0.2878244689195102,0.07452008673714733,20812.0,0.06893570146048092,*
mean_C1,C1 acknowledgment,Subjective,4,30–39,182,114,0.2611590790162219,0.335233918128655,-0.07407483911243312,9542.0,0.17409547810272452,
mean_C1,C1 acknowledgment,Subjective,5,40–49,181,111,0.2460405156537753,0.2235235235235235,0.022516992130251795,10435.5,0.485790370499657,
mean_C1,C1 acknowledgment,Subjective,6,50–99,466,282,0.28196403024729205,0.30189125295508273,-0.01992722270779068,65072.0,0.7934622145902143,
mean_C1,C1 acknowledgment,Subjective,7,100+,573,662,0.30919346796310143,0.3214070462937532,-0.012213578330651786,186106.0,0.5106637755547312,
mean_C1,C1 acknowledgment,Factual,1,1–9,2459,2079,0.22020697886903662,0.24200376610189023,-0.02179678723285361,2496991.0,0.08706594925602976,*
mean_C1,C1 acknowledgment,Factual,2,10–19,272,436,0.22824754901960784,0.24950011761938368,-0.02125256859977584,58070.5,0.5694920117963366,
mean_C1,C1 acknowledgment,Factual,3,20–29,120,210,0.3630555555555556,0.2886507936507936,0.07440476190476197,13558.0,0.18768616234125213,
mean_C1,C1 acknowledgment,Factual,4,30–39,161,88,0.27283348121857437,0.3519800275482094,-0.07914654632963503,6401.0,0.1471795595039807,
mean_C1,C1 acknowledgment,Factual,5,40–49,140,87,0.2494897959183673,0.3103448275862069,-0.06085503166783959,5778.5,0.4268380758662744,
mean_C1,C1 acknowledgment,Factual,6,50–99,424,229,0.24958445642407906,0.3157933042212518,-0.06620884779717273,45509.5,0.11398310369200988,
mean_C1,C1 acknowledgment,Factual,7,100+,494,577,0.3315007361059992,0.3047241527216661,0.02677658338433314,146601.0,0.35019650143058834,
mean_C2,C2 hedging,All,1,1–9,5538,4706,0.20932186293101784,0.21144975727158044,-0.002127894340562597,13012527.0,0.8717824347365273,
mean_C2,C2 hedging,All,2,10–19,632,960,0.22750904159132007,0.2571553070771821,-0.029646265485862022,293164.0,0.16069718058365456,
mean_C2,C2 hedging,All,3,20–29,277,452,0.3238782877772048,0.2684684415879106,0.055409846189294176,66600.0,0.09463879928291952,*
mean_C2,C2 hedging,All,4,30–39,343,202,0.2585728168818548,0.3115436543654366,-0.05297083748358178,32029.0,0.08574338832596,*
mean_C2,C2 hedging,All,5,40–49,321,198,0.2769915442812639,0.2694023569023569,0.007589187378906959,32254.5,0.7277798112986111,
mean_C2,C2 hedging,All,6,50–99,890,511,0.29010299625468167,0.2997608175690367,-0.009657821314355053,225536.5,0.762997435032795,
mean_C2,C2 hedging,All,7,100+,1067,1239,0.3130020583394529,0.3076366731567279,0.005365385182725002,666082.0,0.712601258467233,
mean_C2,C2 hedging,Subjective,1,1–9,3079,2627,0.21002554426555728,0.21060797627699038,-0.0005824320114330983,4038006.0,0.8947922390024955,
mean_C2,C2 hedging,Subjective,2,10–19,360,524,0.2271825396825397,0.2592831945408281,-0.03210065485828839,90747.0,0.24071062849623615,
mean_C2,C2 hedging,Subjective,3,20–29,157,242,0.3075219896875947,0.3017812765746649,0.005740713112929785,19118.5,0.9034916779432017,
mean_C2,C2 hedging,Subjective,4,30–39,182,114,0.24841705913134485,0.2771929824561403,-0.028775923324795477,9874.5,0.4076709812519814,
mean_C2,C2 hedging,Subjective,5,40–49,181,111,0.27863720073664827,0.23843843843843843,0.040198762298209845,10581.5,0.3497196360138517,
mean_C2,C2 hedging,Subjective,6,50–99,466,282,0.2978183118741059,0.27858550039401103,0.01923281148009487,67498.0,0.45704144349743825,
mean_C2,C2 hedging,Subjective,7,100+,573,662,0.3259778664228926,0.29945173574327655,0.026526130679616067,194793.5,0.3437712576271781,
mean_C2,C2 hedging,Factual,1,1–9,2459,2079,0.20844075889317856,0.21251342185685618,-0.004072662963677615,2552830.0,0.9217905431071488,
mean_C2,C2 hedging,Factual,2,10–19,272,436,0.22794117647058823,0.25459793774013956,-0.026656761269551327,57598.5,0.423778650576364,
mean_C2,C2 hedging,Factual,3,20–29,120,210,0.34527777777777774,0.23007936507936505,0.11519841269841269,14197.5,0.022338051206456464,**
mean_C2,C2 hedging,Factual,4,30–39,161,88,0.27005323868677905,0.35604338842975203,-0.08599014974297298,6279.0,0.08998664434130736,*
mean_C2,C2 hedging,Factual,5,40–49,140,87,0.27486394557823124,0.3089080459770115,-0.03404410039878025,5884.0,0.6058797559203928,
mean_C2,C2 hedging,Factual,6,50–99,424,229,0.28162342767295595,0.32583697234352255,-0.044213544670566596,46078.5,0.20668519854635203,
mean_C2,C2 hedging,Factual,7,100+,494,577,0.29795117163538215,0.3170273639153151,-0.019076192279932958,140504.5,0.6429677763837824,
mean_C3,C3 warmth,All,1,1–9,5538,4706,0.061306270021058755,0.06017782095130161,0.001128449069757148,13043010.0,0.8640535443446847,
mean_C3,C3 warmth,All,2,10–19,632,960,0.04878691983122362,0.05534054487179487,-0.006553625040571248,300756.0,0.5323911486511843,
mean_C3,C3 warmth,All,3,20–29,277,452,0.10563004985387657,0.05428249847497635,0.05134755137890022,66909.5,0.004015132181443957,***
mean_C3,C3 warmth,All,4,30–39,343,202,0.07316395946133555,0.05630813081308131,0.016855828648254245,35320.5,0.4656333801363257,
mean_C3,C3 warmth,All,5,40–49,321,198,0.07946892152499628,0.06425364758698092,0.015215273938015361,32656.5,0.2834814172910134,
mean_C3,C3 warmth,All,6,50–99,890,511,0.07411048689138576,0.09112850619699935,-0.017018019305613585,222936.0,0.2584226307261823,
mean_C3,C3 warmth,All,7,100+,1067,1239,0.0859177529749226,0.06597632666429382,0.019941426310628785,677878.0,0.04982709391646,**
mean_C3,C3 warmth,Subjective,1,1–9,3079,2627,0.06567917845930188,0.06398873722817384,0.0016904412311280342,4056893.0,0.6751848510106886,
mean_C3,C3 warmth,Subjective,2,10–19,360,524,0.052083333333333336,0.05241730279898219,-0.0003339694656488562,94355.5,0.9841129526151554,
mean_C3,C3 warmth,Subjective,3,20–29,157,242,0.09772520473157414,0.06185546547116795,0.035869739260406194,19920.5,0.14277155419932397,
mean_C3,C3 warmth,Subjective,4,30–39,182,114,0.06416797488226059,0.05921052631578947,0.004957448566471116,10570.0,0.5848198537636741,
mean_C3,C3 warmth,Subjective,5,40–49,181,111,0.07555906340436727,0.06056056056056056,0.014998502843806709,10310.5,0.4444145228052867,
mean_C3,C3 warmth,Subjective,6,50–99,466,282,0.07607296137339056,0.0817966903073286,-0.005723728933938035,65128.5,0.7039561827012133,
mean_C3,C3 warmth,Subjective,7,100+,573,662,0.08571844095404303,0.07310099266292619,0.012617448291116842,193270.5,0.28811593164752025,
mean_C3,C3 warmth,Factual,1,1–9,2459,2079,0.055830798251497726,0.05536239187032838,0.0004684063811693437,2551497.5,0.817925799255635,
mean_C3,C3 warmth,Factual,2,10–19,272,436,0.04442401960784313,0.05885379910609268,-0.01442977949824955,58104.0,0.3238042307264868,
mean_C3,C3 warmth,Factual,3,20–29,120,210,0.11597222222222223,0.04555555555555556,0.07041666666666667,13767.0,0.007182063307246518,***
mean_C3,C3 warmth,Factual,4,30–39,161,88,0.08333333333333333,0.05254820936639118,0.03078512396694215,7224.5,0.6384198952941217,
mean_C3,C3 warmth,Factual,5,40–49,140,87,0.08452380952380953,0.06896551724137931,0.01555829228243022,6267.0,0.4551817270740427,
mean_C3,C3 warmth,Factual,6,50–99,424,229,0.07195361635220125,0.10262008733624454,-0.030666470984043293,46935.0,0.2052943739709393,
mean_C3,C3 warmth,Factual,7,100+,494,577,0.08614893878051773,0.057802099816642805,0.028346838963874924,147233.5,0.0808945041213238,*
mean_representational,Representational composite,All,1,1–9,5538,4706,0.1312268554346019,0.12397584383081621,0.007251011603785704,13126882.0,0.2989963933339007,
mean_representational,Representational composite,All,2,10–19,632,960,0.1624384669479606,0.1529832985301735,0.009455168417787096,305950.0,0.6725306233679677,
mean_representational,Representational composite,All,3,20–29,277,452,0.2014784253051401,0.1485287942146349,0.052949631090505184,66886.5,0.03319827128068391,**
mean_representational,Representational composite,All,4,30–39,343,202,0.1404414827155352,0.17284728472847288,-0.03240580201293769,33079.5,0.2105777525194078,
mean_representational,Representational composite,All,5,40–49,321,198,0.16172674677347573,0.1730499438832772,-0.01132319710980148,31225.5,0.6237532742479152,
mean_representational,Representational composite,All,6,50–99,890,511,0.16219101123595506,0.17455968688845402,-0.012368675652498967,226735.0,0.8952066941096469,
mean_representational,Representational composite,All,7,100+,1067,1239,0.19632227347784986,0.20192581930396436,-0.005603545826114498,667575.5,0.5770985419546002,
mean_representational,Representational composite,Subjective,1,1–9,3079,2627,0.1315454925068436,0.11655033257145933,0.014995159935384278,4102330.0,0.12880511631312433,
mean_representational,Representational composite,Subjective,2,10–19,360,524,0.1698148148148148,0.16737797825584086,0.0024368365589739482,94022.0,0.9088595494304369,
mean_representational,Representational composite,Subjective,3,20–29,157,242,0.1880649074916591,0.1550344971832575,0.03303041030840159,19741.5,0.3757489610346765,
mean_representational,Representational composite,Subjective,4,30–39,182,114,0.11259811616954472,0.16593567251461985,-0.05333755634507513,9606.5,0.11181841562260003,
mean_representational,Representational composite,Subjective,5,40–49,181,111,0.19056827150749805,0.17992992992992993,0.010638341577568128,10042.0,0.9952418197393649,
mean_representational,Representational composite,Subjective,6,50–99,466,282,0.1636955855303495,0.18114657210401888,-0.01745098657366939,65613.5,0.9636131971123914,
mean_representational,Representational composite,Subjective,7,100+,573,662,0.18943114767722097,0.2001397226472755,-0.010708574970054535,191071.5,0.759752701305852,
mean_representational,Representational composite,Factual,1,1–9,2459,2079,0.13082787879961527,0.13335863270928205,-0.002530753909666783,2552536.0,0.8956765651961723,
mean_representational,Representational composite,Factual,2,10–19,272,436,0.15267565359477123,0.13568327060299537,0.016992382991775856,60619.5,0.45168847605092965,
mean_representational,Representational composite,Factual,3,20–29,120,210,0.21902777777777777,0.14103174603174604,0.07799603174603173,13888.5,0.028697716772632217,**
mean_representational,Representational composite,Factual,4,30–39,161,88,0.17191659272404616,0.18180096418732783,-0.009884371463281666,6983.5,0.8023111001819362,
mean_representational,Representational composite,Factual,5,40–49,140,87,0.12443877551020407,0.164272030651341,-0.03983325514113692,5852.5,0.42721267220423065,
mean_representational,Representational composite,Factual,6,50–99,424,229,0.1605373989218329,0.16644832605531296,-0.005910927133480043,48384.5,0.915246658012123,
mean_representational,Representational composite,Factual,7,100+,494,577,0.2043154214206846,0.20397503245253978,0.00034038896814481134,144352.0,0.6242698589006194,
mean_operational,Operational composite,All,1,1–9,5538,4706,0.28356928022420974,0.2783716705332727,0.005197609690937022,13111725.0,0.5048022558651823,
mean_operational,Operational composite,All,2,10–19,632,960,0.32622626582278486,0.3229425262237762,0.0032837395990086282,305508.0,0.77841187077906,
mean_operational,Operational composite,All,3,20–29,277,452,0.41548908372013066,0.4169378740728298,-0.0014487903526991253,63484.0,0.722810203089971,
mean_operational,Operational composite,All,4,30–39,343,202,0.35090240177703735,0.39039153915391533,-0.03948913737687798,32881.0,0.26229488839664916,
mean_operational,Operational composite,All,5,40–49,321,198,0.31169707758492804,0.37591189674523007,-0.06421481916030203,29645.0,0.1310392423645623,
mean_operational,Operational composite,All,6,50–99,890,511,0.3572498662386303,0.3739291150250054,-0.01667924878637511,224431.0,0.6396784475984607,
mean_operational,Operational composite,All,7,100+,1067,1239,0.4041706393159064,0.4030039290132458,0.001166710302660634,662400.5,0.9219483708709876,
mean_operational,Operational composite,Subjective,1,1–9,3079,2627,0.27567984864184925,0.27062166199490145,0.005058186646947793,4068780.0,0.6236549896402132,
mean_operational,Operational composite,Subjective,2,10–19,360,524,0.3150694444444444,0.3214593453620171,-0.006389900917572688,94179.0,0.9645747850586667,
mean_operational,Operational composite,Subjective,3,20–29,157,242,0.40949347892023047,0.43962500997624965,-0.03013153105601918,18579.0,0.6831335503033595,
mean_operational,Operational composite,Subjective,4,30–39,182,114,0.336865515436944,0.356140350877193,-0.019274835440248994,10047.0,0.6020344665605198,
mean_operational,Operational composite,Subjective,5,40–49,181,111,0.3041173375427519,0.36761761761761763,-0.06350028007486574,9358.0,0.2513957267420249,
mean_operational,Operational composite,Subjective,6,50–99,466,282,0.3632280809319436,0.37096138691883374,-0.007733305986890149,65727.5,0.9932858904075916,
mean_operational,Operational composite,Subjective,7,100+,573,662,0.3899242361284246,0.4022972223312103,-0.012372986202785707,186597.0,0.5812132493671947,
mean_operational,Operational composite,Factual,1,1–9,2459,2079,0.2934479137508824,0.2881644903650676,0.005283423385814834,2571877.0,0.6625062989673959,
mean_operational,Operational composite,Factual,2,10–19,272,436,0.34099264705882354,0.32472506469066104,0.016267582368162503,60392.5,0.6274371116302508,
mean_operational,Operational composite,Factual,3,20–29,120,210,0.4233333333333334,0.39079365079365075,0.032539682539682646,13277.5,0.3610432455783743,
mean_operational,Operational composite,Factual,4,30–39,161,88,0.3667701863354037,0.43476239669421496,-0.06799221035881126,6526.0,0.25233142110023776,
mean_operational,Operational composite,Factual,5,40–49,140,87,0.3214965986394558,0.3864942528735632,-0.06499765423410742,5695.0,0.33227080562996014,
mean_operational,Operational composite,Factual,6,50–99,424,229,0.350679469901168,0.37758369723435226,-0.02690422733318426,47174.5,0.49017944624494614,
mean_operational,Operational composite,Factual,7,100+,494,577,0.42069531345847133,0.4038147432654252,0.01688057019304612,145849.5,0.4611400129525801,
mean_receptiveness,Receptiveness composite,All,1,1–9,5538,4706,0.49454027975154735,0.5000214411126014,-0.005481161361054032,12999689.5,0.8050539054505751,
mean_receptiveness,Receptiveness composite,All,2,10–19,632,960,0.5023432790837854,0.572346947034447,-0.0700036679506616,288936.5,0.06718882980820333,*
mean_receptiveness,Receptiveness composite,All,3,20–29,277,452,0.7921609076843733,0.610959320915073,0.18120158676930032,69681.5,0.005920450101857218,***
mean_receptiveness,Receptiveness composite,All,4,30–39,343,202,0.5983756768013327,0.7103810381038104,-0.11200536130247762,31640.5,0.06467009178015398,*
mean_receptiveness,Receptiveness composite,All,5,40–49,321,198,0.6040053404539386,0.5953282828282829,0.008677057625655737,31911.5,0.928574492309226,
mean_receptiveness,Receptiveness composite,All,6,50–99,890,511,0.6307517388978063,0.6990106544901066,-0.06825891559230024,220319.0,0.2827785195691055,
mean_receptiveness,Receptiveness composite,All,7,100+,1067,1239,0.7184411053904962,0.6872508535473058,0.031190251843190464,670533.5,0.5183054706093501,
mean_receptiveness,Receptiveness composite,Subjective,1,1–9,3079,2627,0.5025759497259985,0.492219739402838,0.01035621032316053,4063346.5,0.7160823521591639,
mean_receptiveness,Receptiveness composite,Subjective,2,10–19,360,524,0.5036507936507936,0.5801642377978256,-0.07651344414703198,89445.0,0.13946707389975707,
mean_receptiveness,Receptiveness composite,Subjective,3,20–29,157,242,0.7675917500758265,0.6514612109653433,0.11613053911048321,20674.5,0.11364149613295267,
mean_receptiveness,Receptiveness composite,Subjective,4,30–39,182,114,0.5737441130298273,0.6716374269005848,-0.0978933138707575,9664.5,0.27519228892158476,
mean_receptiveness,Receptiveness composite,Subjective,5,40–49,181,111,0.6002367797947908,0.5225225225225225,0.07771425727226833,10601.0,0.36741366872275194,
mean_receptiveness,Receptiveness composite,Subjective,6,50–99,466,282,0.6558553034947884,0.6622734436564224,-0.006418140161634001,66634.5,0.7189327723228258,
mean_receptiveness,Receptiveness composite,Subjective,7,100+,573,662,0.7208897753400372,0.693959774699956,0.02693000064008122,191321.5,0.7744521605750116,
mean_receptiveness,Receptiveness composite,Factual,1,1–9,2459,2079,0.48447853601371293,0.5098795798290747,-0.02540104381536179,2526864.5,0.43416755794666806,
mean_receptiveness,Receptiveness composite,Factual,2,10–19,272,436,0.5006127450980392,0.5629518544656159,-0.062339109367576695,56729.5,0.2649780998746585,
mean_receptiveness,Receptiveness composite,Factual,3,20–29,120,210,0.8243055555555555,0.5642857142857143,0.26001984126984123,14360.0,0.02155332193273214,**
mean_receptiveness,Receptiveness composite,Factual,4,30–39,161,88,0.6262200532386868,0.7605716253443527,-0.13435157210566595,6304.0,0.12055151534946815,
mean_receptiveness,Receptiveness composite,Factual,5,40–49,140,87,0.6088775510204082,0.6882183908045977,-0.07934083978418949,5730.5,0.4053028121791923,
mean_receptiveness,Receptiveness composite,Factual,6,50–99,424,229,0.6031615004492363,0.744250363901019,-0.14108886345178262,44354.0,0.04450702392222557,**
mean_receptiveness,Receptiveness composite,Factual,7,100+,494,577,0.7156008465218991,0.6795536164536241,0.03604723006827504,145521.0,0.5199258778292957,
mean_transactivity,Transactivity composite,All,1,1–9,5538,4706,0.41479613565881174,0.402347514364089,0.01244862129472274,13171221.5,0.2632686919077363,
mean_transactivity,Transactivity composite,All,2,10–19,632,960,0.4886647327707454,0.47592582475394973,0.01273890801679567,304118.5,0.9229903359533271,
mean_transactivity,Transactivity composite,All,3,20–29,277,452,0.6169675090252708,0.5654666682874647,0.05150084073780603,65210.0,0.3049481291141575,
mean_transactivity,Transactivity composite,All,4,30–39,343,202,0.49134388449257255,0.5632388238823882,-0.07189493938981567,32474.0,0.17622820652466087,
mean_transactivity,Transactivity composite,All,5,40–49,321,198,0.4734238243584038,0.5489618406285073,-0.07553801627010348,29757.5,0.16733442789981634,
mean_transactivity,Transactivity composite,All,6,50–99,890,511,0.5194408774745853,0.5484888019134595,-0.029047924438874162,224871.0,0.698139142688716,
mean_transactivity,Transactivity composite,All,7,100+,1067,1239,0.6004929127937563,0.6049297483172101,-0.004436835523453864,662211.5,0.9345139348381348,
mean_transactivity,Transactivity composite,Subjective,1,1–9,3079,2627,0.40722534114869285,0.3871719945663607,0.020053346582332154,4099404.0,0.28692936638882616,
mean_transactivity,Transactivity composite,Subjective,2,10–19,360,524,0.48488425925925926,0.4888373236178579,-0.003953064358598657,92609.5,0.5998089704626011,
mean_transactivity,Transactivity composite,Subjective,3,20–29,157,242,0.5975583864118895,0.5946595071595072,0.0028988792523823026,18871.5,0.9046407260198787,
mean_transactivity,Transactivity composite,Subjective,4,30–39,182,114,0.4494636316064887,0.5220760233918128,-0.07261239178532408,9781.5,0.3543023137904594,
mean_transactivity,Transactivity composite,Subjective,5,40–49,181,111,0.49468560905024983,0.5475475475475475,-0.0528619384972977,9574.0,0.44435834261193896,
mean_transactivity,Transactivity composite,Subjective,6,50–99,466,282,0.526923666462293,0.5521079590228527,-0.02518429256055965,66271.5,0.8258623949953711,
mean_transactivity,Transactivity composite,Subjective,7,100+,573,662,0.5793553838056456,0.6024369449784858,-0.023081561172840215,186909.0,0.6309340538197634,
mean_transactivity,Transactivity composite,Factual,1,1–9,2459,2079,0.42427579255049774,0.4215231230743496,0.002752669476148162,2573862.5,0.634451170150127,
mean_transactivity,Transactivity composite,Factual,2,10–19,272,436,0.49366830065359474,0.4604083352936564,0.03325996535993836,61051.5,0.44787793137380827,
mean_transactivity,Transactivity composite,Factual,3,20–29,120,210,0.6423611111111112,0.5318253968253969,0.11053571428571429,13788.5,0.11796886854358773,
mean_transactivity,Transactivity composite,Factual,4,30–39,161,88,0.5386867790594498,0.6165633608815427,-0.0778765818220929,6573.0,0.3044437206937075,
mean_transactivity,Transactivity composite,Factual,5,40–49,140,87,0.44593537414965984,0.5507662835249042,-0.10483090937524436,5566.5,0.21829084298026624,
mean_transactivity,Transactivity composite,Factual,6,50–99,424,229,0.5112168688230009,0.5440320232896652,-0.032815154466664276,46917.0,0.4246685227517454,
mean_transactivity,Transactivity composite,Factual,7,100+,494,577,0.6250107348791559,0.607789775717965,0.01722095916119093,145487.5,0.5236816628454402,
