measure,label,sample_type,content,stratum,tier,n_visible,n_hidden,mean_visible,mean_hidden,delta,U_stat,p_value,sig
n_replies,Reply count,zero-filled,All,1,1–9,5538,4706,0.7795232936078007,0.7592435189120272,0.020279774695773467,13145777.0,0.3889446143768175,
n_replies,Reply count,zero-filled,All,2,10–19,632,960,0.9145569620253164,0.9302083333333333,-0.01565137130801686,302776.0,0.943520923151498,
n_replies,Reply count,zero-filled,All,3,20–29,277,452,1.2382671480144405,1.174778761061947,0.06348838695249359,68563.5,0.022787509342490173,**
n_replies,Reply count,zero-filled,All,4,30–39,343,202,1.0,1.2920792079207921,-0.2920792079207921,30494.5,0.012922422724679984,**
n_replies,Reply count,zero-filled,All,5,40–49,321,198,0.9065420560747663,0.8282828282828283,0.07825922779193806,32613.0,0.5842596985949862,
n_replies,Reply count,zero-filled,All,6,50–99,890,511,0.998876404494382,0.8493150684931506,0.14956133600123134,229557.5,0.7494156123720568,
n_replies,Reply count,zero-filled,All,7,100+,1067,1239,1.1096532333645737,1.0960451977401129,0.01360803562446078,662909.5,0.8991739625366701,
n_replies,Reply count,zero-filled,Subjective,1,1–9,3079,2627,0.7784995128288406,0.7594213932242101,0.01907811960463046,4090301.0,0.4054287168407721,
n_replies,Reply count,zero-filled,Subjective,2,10–19,360,524,0.9638888888888889,0.9465648854961832,0.017324003392705678,93283.0,0.7624768404310548,
n_replies,Reply count,zero-filled,Subjective,3,20–29,157,242,1.3439490445859872,1.2933884297520661,0.05056061483392105,20707.5,0.11086815823312973,
n_replies,Reply count,zero-filled,Subjective,4,30–39,182,114,0.9945054945054945,1.1929824561403508,-0.19847696163485629,9510.5,0.19763750354830123,
n_replies,Reply count,zero-filled,Subjective,5,40–49,181,111,0.9226519337016574,0.8468468468468469,0.07580508685481058,10532.5,0.4464746000677444,
n_replies,Reply count,zero-filled,Subjective,6,50–99,466,282,1.0300429184549356,0.8297872340425532,0.2002556844123824,68795.5,0.24467291910831146,
n_replies,Reply count,zero-filled,Subjective,7,100+,573,662,1.12565445026178,1.0619335347432024,0.06372091551857761,189175.0,0.9340386913522416,
n_replies,Reply count,zero-filled,Factual,1,1–9,2459,2079,0.7808052053680358,0.759018759018759,0.021786446349276734,2570137.0,0.7221786412837596,
n_replies,Reply count,zero-filled,Factual,2,10–19,272,436,0.8492647058823529,0.9105504587155964,-0.061285752833243445,59847.5,0.820141181365815,
n_replies,Reply count,zero-filled,Factual,3,20–29,120,210,1.1,1.0380952380952382,0.06190476190476191,13842.5,0.11385255512282626,
n_replies,Reply count,zero-filled,Factual,4,30–39,161,88,1.0062111801242235,1.4204545454545454,-0.4142433653303219,5898.0,0.02095735515321005,**
n_replies,Reply count,zero-filled,Factual,5,40–49,140,87,0.8857142857142857,0.8045977011494253,0.08111658456486037,6063.0,0.9522832387690474,
n_replies,Reply count,zero-filled,Factual,6,50–99,424,229,0.964622641509434,0.8733624454148472,0.0912601960945868,46770.0,0.4060347801503321,
n_replies,Reply count,zero-filled,Factual,7,100+,494,577,1.091093117408907,1.1351819757365684,-0.04408885832766152,143885.5,0.7735424485131865,
word_count_sum,Total word count,zero-filled,All,1,1–9,5538,4706,53.6583604189238,51.80769230769231,1.8506681112314922,13130636.5,0.45986069422874787,
word_count_sum,Total word count,zero-filled,All,2,10–19,632,960,71.86075949367088,68.38541666666667,3.475342827004212,298012.0,0.5210992520977997,
word_count_sum,Total word count,zero-filled,All,3,20–29,277,452,90.74368231046931,80.77876106194691,9.964921248522401,68512.5,0.026175487792653464,**
word_count_sum,Total word count,zero-filled,All,4,30–39,343,202,73.55102040816327,86.18316831683168,-12.632147908668415,30423.5,0.012644571235865971,**
word_count_sum,Total word count,zero-filled,All,5,40–49,321,198,59.53582554517134,56.45454545454545,3.0812800906258886,32303.0,0.736260203495348,
word_count_sum,Total word count,zero-filled,All,6,50–99,890,511,70.98988764044944,70.0078277886497,0.9820598517997325,226173.0,0.859514146359874,
word_count_sum,Total word count,zero-filled,All,7,100+,1067,1239,82.29990627928773,78.21549636803874,4.084409911248983,667182.0,0.6873466911134809,
word_count_sum,Total word count,zero-filled,Subjective,1,1–9,3079,2627,53.86391685612212,52.37000380662352,1.4939130494985946,4074589.0,0.587950022579339,
word_count_sum,Total word count,zero-filled,Subjective,2,10–19,360,524,79.725,67.50763358778626,12.217366412213735,91599.5,0.43286665724285067,
word_count_sum,Total word count,zero-filled,Subjective,3,20–29,157,242,92.29936305732484,93.81818181818181,-1.5188187608569734,20476.5,0.17476657157325326,
word_count_sum,Total word count,zero-filled,Subjective,4,30–39,182,114,70.94505494505495,78.47368421052632,-7.528629265471366,9497.0,0.19695834792889422,
word_count_sum,Total word count,zero-filled,Subjective,5,40–49,181,111,58.988950276243095,56.32432432432432,2.6646259519187723,10340.0,0.6500728378636293,
word_count_sum,Total word count,zero-filled,Subjective,6,50–99,466,282,74.52789699570816,66.48581560283688,8.042081392871282,67940.5,0.40842340533281063,
word_count_sum,Total word count,zero-filled,Subjective,7,100+,573,662,85.86561954624781,75.04380664652568,10.821812899722133,191741.0,0.7293414486881677,
word_count_sum,Total word count,zero-filled,Factual,1,1–9,2459,2079,53.40097600650671,51.0971620971621,2.303813909344612,2576075.5,0.6171507840255228,
word_count_sum,Total word count,zero-filled,Factual,2,10–19,272,436,61.45220588235294,69.44036697247707,-7.988161090124123,59091.0,0.9335904520114601,
word_count_sum,Total word count,zero-filled,Factual,3,20–29,120,210,88.70833333333333,65.75238095238095,22.955952380952382,13973.0,0.08497743757099757,*
word_count_sum,Total word count,zero-filled,Factual,4,30–39,161,88,76.4968944099379,96.17045454545455,-19.673560135516652,5890.0,0.02188752187076956,**
word_count_sum,Total word count,zero-filled,Factual,5,40–49,140,87,60.24285714285714,56.62068965517241,3.6221674876847274,6094.0,0.9938843902879562,
word_count_sum,Total word count,zero-filled,Factual,6,50–99,424,229,67.10141509433963,74.34497816593887,-7.24356307159924,45952.5,0.23518684790763367,
word_count_sum,Total word count,zero-filled,Factual,7,100+,494,577,78.16396761133603,81.85441941074524,-3.690451799409203,143558.5,0.8309458862759975,
word_count_avg,Avg words/reply,conditional,All,1,1–9,2413,2028,67.36835916592962,67.60058628159591,-0.23222711566629073,2460820.0,0.7415301246500999,
word_count_avg,Avg words/reply,conditional,All,2,10–19,300,470,70.77858597883598,75.05410326670966,-4.275517287873683,67741.0,0.3594006450185294,
word_count_avg,Avg words/reply,conditional,All,3,20–29,178,247,73.70276886035313,68.65451539014293,5.048253470210199,22115.5,0.9158520284822717,
word_count_avg,Avg words/reply,conditional,All,4,30–39,173,126,81.9375997797963,67.52770562770563,14.409894152090672,11153.0,0.7312911366007382,
word_count_avg,Avg words/reply,conditional,All,5,40–49,163,98,62.588694127957936,68.17162698412699,-5.582932856169052,7818.5,0.7760367168995345,
word_count_avg,Avg words/reply,conditional,All,6,50–99,467,276,73.2850693382278,82.07423510466988,-8.789165766442082,62674.5,0.5309901648440685,
word_count_avg,Avg words/reply,conditional,All,7,100+,612,727,74.35983144941478,72.22713132552181,2.132700123892974,232138.0,0.16984439659269102,
word_count_avg,Avg words/reply,conditional,Subjective,1,1–9,1332,1118,66.7049108632442,68.85605103875453,-2.151140175510335,736741.5,0.6527919106780902,
word_count_avg,Avg words/reply,conditional,Subjective,2,10–19,168,262,72.18514030612245,76.36231205181588,-4.177171745693428,21461.5,0.6640985019630792,
word_count_avg,Avg words/reply,conditional,Subjective,3,20–29,103,138,70.29459084604716,71.98815435771958,-1.6935635116724228,6951.5,0.7721886184386023,
word_count_avg,Avg words/reply,conditional,Subjective,4,30–39,91,67,76.45117739403453,68.89577114427861,7.555406249755919,3128.5,0.779695743350385,
word_count_avg,Avg words/reply,conditional,Subjective,5,40–49,89,50,62.164205457463886,68.89888888888889,-6.734683431425005,2034.5,0.4043286154405781,
word_count_avg,Avg words/reply,conditional,Subjective,6,50–99,246,144,74.55874467673247,79.60837191358024,-5.049627236847769,17607.0,0.9225115262588571,
word_count_avg,Avg words/reply,conditional,Subjective,7,100+,325,384,74.71131990231991,71.4425460426437,3.268773859676216,66617.5,0.1206841700372033,
word_count_avg,Avg words/reply,conditional,Factual,1,1–9,1081,910,68.18585513186578,66.05815815137244,2.12769698049334,504001.5,0.341854620429484,
word_count_avg,Avg words/reply,conditional,Factual,2,10–19,132,208,68.98842592592592,73.40626335470085,-4.417837428774931,12861.0,0.326581336045613,
word_count_avg,Avg words/reply,conditional,Factual,3,20–29,75,109,78.38333333333334,64.43394495412844,13.949388379204905,4239.0,0.6705694802660973,
word_count_avg,Avg words/reply,conditional,Factual,4,30–39,82,59,88.02619047619048,65.9741397021058,22.052050774084677,2494.0,0.7555097326615974,
word_count_avg,Avg words/reply,conditional,Factual,5,40–49,74,48,63.09922779922779,67.4140625,-4.314834700772209,1863.5,0.6483934001603822,
word_count_avg,Avg words/reply,conditional,Factual,6,50–99,221,132,71.86731307907779,84.76426767676767,-12.896954597689884,13802.5,0.3986303888644568,
word_count_avg,Avg words/reply,conditional,Factual,7,100+,287,343,73.96180445570688,73.10550085504136,0.8563036006655267,50074.0,0.7077134744394802,
flesch,Flesch readability,conditional,All,1,1–9,1902,1580,60.69736274206802,60.57615030372174,0.12121243834628359,1489577.5,0.6597627275255484,
flesch,Flesch readability,conditional,All,2,10–19,237,391,61.232743221779444,61.4636768454446,-0.2309336236651589,45726.0,0.7829955123123414,
flesch,Flesch readability,conditional,All,3,20–29,152,214,59.71408069420482,59.83726510783863,-0.12318441363381538,17651.5,0.1643435448435313,
flesch,Flesch readability,conditional,All,4,30–39,154,101,59.16274188593312,60.90643414218102,-1.743692256247897,7486.0,0.6140450608406107,
flesch,Flesch readability,conditional,All,5,40–49,128,75,61.60293013899836,61.42059432268817,0.1823358163101929,4833.0,0.9358797687942126,
flesch,Flesch readability,conditional,All,6,50–99,391,225,59.91572272995503,61.55758306017857,-1.641860330223544,41352.0,0.21536895909315612,
flesch,Flesch readability,conditional,All,7,100+,518,609,60.2591321293947,59.90170674450976,0.3574253848849409,162395.5,0.3917280435138293,
flesch,Flesch readability,conditional,Subjective,1,1–9,1056,878,60.85903001115508,60.634630017824925,0.22439999333015237,463550.5,0.9978466013819601,
flesch,Flesch readability,conditional,Subjective,2,10–19,138,218,61.085688161438746,61.64431039637823,-0.5586222349394845,14611.5,0.6494513633961676,
flesch,Flesch readability,conditional,Subjective,3,20–29,87,119,59.15387369182161,59.6211368266155,-0.4672631347938889,5738.5,0.18395154226328492,
flesch,Flesch readability,conditional,Subjective,4,30–39,81,50,59.50053658370784,60.83483705833383,-1.3343004746259908,1865.0,0.4498422207422569,
flesch,Flesch readability,conditional,Subjective,5,40–49,72,41,60.91449219690238,63.99770308138212,-3.0832108844797403,1249.0,0.1762045139893631,
flesch,Flesch readability,conditional,Subjective,6,50–99,204,117,60.31124381849328,61.04309022821163,-0.7318464097183508,11353.0,0.4682276296324045,
flesch,Flesch readability,conditional,Subjective,7,100+,272,326,61.372359223713964,59.70969606051411,1.662663163199852,47934.5,0.08723013177053703,*
flesch,Flesch readability,conditional,Factual,1,1–9,846,702,60.495565299803324,60.50300900887472,-0.007443709071395688,291046.5,0.5004793133349812,
flesch,Flesch readability,conditional,Factual,2,10–19,99,173,61.43772906346648,61.2360576887768,0.2016713746896741,8580.0,0.9795505731467704,
flesch,Flesch readability,conditional,Factual,3,20–29,65,95,60.46389622047156,60.10799421800235,0.35590200246921455,3299.0,0.46351963556420794,
flesch,Flesch readability,conditional,Factual,4,30–39,73,51,58.78792859114198,60.97662736163905,-2.1886987704970764,1877.0,0.9392843519215707,
flesch,Flesch readability,conditional,Factual,5,40–49,56,34,62.48806463597891,58.31290434896899,4.175160287009916,1135.0,0.1288139596621584,
flesch,Flesch readability,conditional,Factual,6,50–99,187,108,59.48424517882239,62.11495029480942,-2.630705115987027,9374.0,0.30533316486224993,
flesch,Flesch readability,conditional,Factual,7,100+,246,283,59.028246886895374,60.122892196745056,-1.0946453098496818,33704.0,0.528773137908158,
mattr,MATTR lexical diversity,conditional,All,1,1–9,1998,1665,0.8331212673766059,0.8329597495763315,0.0001615178002744022,1666137.0,0.9299544891250789,
mattr,MATTR lexical diversity,conditional,All,2,10–19,254,411,0.8256100837820758,0.8292773463523708,-0.003667262570295038,49920.5,0.344373005916632,
mattr,MATTR lexical diversity,conditional,All,3,20–29,159,222,0.8309744211209353,0.8305425824689164,0.00043183865201890104,17382.5,0.8018622480602118,
mattr,MATTR lexical diversity,conditional,All,4,30–39,160,107,0.8308232976514145,0.8293720920360902,0.0014512056153243025,8936.5,0.5431347552718382,
mattr,MATTR lexical diversity,conditional,All,5,40–49,136,83,0.8411143884747309,0.8401900581232389,0.0009243303514919754,5709.5,0.8863811714656794,
mattr,MATTR lexical diversity,conditional,All,6,50–99,405,232,0.8262827262900084,0.8343946404902309,-0.008111914200222503,43948.0,0.17499286621359755,
mattr,MATTR lexical diversity,conditional,All,7,100+,541,647,0.8264940990501688,0.8351189754988259,-0.00862487644865706,161929.5,0.026307665119044584,**
mattr,MATTR lexical diversity,conditional,Subjective,1,1–9,1110,920,0.8329480004732507,0.829952203801757,0.0029957966714936335,525044.5,0.2719107007470475,
mattr,MATTR lexical diversity,conditional,Subjective,2,10–19,143,228,0.8269762899412625,0.8292774833934657,-0.002301193452203254,15767.5,0.595307832408059,
mattr,MATTR lexical diversity,conditional,Subjective,3,20–29,92,123,0.8272365576601713,0.8289354773656017,-0.0016989197054303462,5465.0,0.6697226288797413,
mattr,MATTR lexical diversity,conditional,Subjective,4,30–39,83,54,0.8279406803210637,0.8259760992742249,0.0019645810468388314,2371.5,0.5669087118421925,
mattr,MATTR lexical diversity,conditional,Subjective,5,40–49,76,44,0.8389834332355638,0.832516508700873,0.006466924534690777,1756.5,0.6473450034793347,
mattr,MATTR lexical diversity,conditional,Subjective,6,50–99,212,122,0.8244305504374179,0.8329536507416587,-0.00852310030424086,12068.0,0.3095298398888703,
mattr,MATTR lexical diversity,conditional,Subjective,7,100+,286,344,0.8229781455716025,0.8334601026171018,-0.010481957045499257,44586.0,0.042883539483599194,**
mattr,MATTR lexical diversity,conditional,Factual,1,1–9,888,745,0.8333378510057997,0.8366737658348667,-0.0033359148290670326,320520.0,0.27971808837804524,
mattr,MATTR lexical diversity,conditional,Factual,2,10–19,111,183,0.823850016387808,0.8292771756126459,-0.005427159224837941,9544.5,0.3868468695337164,
mattr,MATTR lexical diversity,conditional,Factual,3,20–29,67,99,0.8361070097536264,0.8325392888093982,0.003567720944228192,3380.0,0.8357308151250146,
mattr,MATTR lexical diversity,conditional,Factual,4,30–39,77,53,0.8339305345139999,0.832832160133085,0.0010983743809148683,2100.0,0.7798384067317148,
mattr,MATTR lexical diversity,conditional,Factual,5,40–49,60,39,0.8438135984443424,0.8488473959330876,-0.0050337974887451065,1115.0,0.696325799078559,
mattr,MATTR lexical diversity,conditional,Factual,6,50–99,193,110,0.8283172406980355,0.8359928291204652,-0.007675588422429769,9939.0,0.35700010794677495,
mattr,MATTR lexical diversity,conditional,Factual,7,100+,255,303,0.830437482167306,0.8370023163282418,-0.006564834160935895,36487.5,0.25832060220255537,
empath_politeness,Empath: politeness,zero-filled,All,1,1–9,5538,4706,0.026108009003848257,0.0224626727799328,0.003645336223915458,13084098.5,0.17006435769590833,
empath_politeness,Empath: politeness,zero-filled,All,2,10–19,632,960,0.020824446228396312,0.016781036946859715,0.004043409281536597,308207.0,0.059972234461502544,*
empath_politeness,Empath: politeness,zero-filled,All,3,20–29,277,452,0.06252337805362569,0.02178454606252726,0.04073883199109843,64701.5,0.020094083552842604,**
empath_politeness,Empath: politeness,zero-filled,All,4,30–39,343,202,0.024951277258706953,0.02217570634462052,0.002775570914086433,33914.5,0.17334921740799758,
empath_politeness,Empath: politeness,zero-filled,All,5,40–49,321,198,0.00877763417249739,0.005082269046112021,0.00369536512638537,31991.0,0.5924962154185394,
empath_politeness,Empath: politeness,zero-filled,All,6,50–99,890,511,0.022742215602633824,0.03496336626685678,-0.012221150664222958,226502.0,0.6916524212019556,
empath_politeness,Empath: politeness,zero-filled,All,7,100+,1067,1239,0.0433559684820392,0.022893464260062776,0.020462504221976426,666290.0,0.29296526690659164,
empath_politeness,Empath: politeness,zero-filled,Subjective,1,1–9,3079,2627,0.028927701218758674,0.024694008466785478,0.004233692751973196,4066968.0,0.17050443502475188,
empath_politeness,Empath: politeness,zero-filled,Subjective,2,10–19,360,524,0.029184533919032935,0.02534506751035186,0.003839466408681075,96910.5,0.03188463390659236,**
empath_politeness,Empath: politeness,zero-filled,Subjective,3,20–29,157,242,0.04217683821493965,0.0301908350091273,0.011986003205812352,19335.0,0.37762404878627565,
empath_politeness,Empath: politeness,zero-filled,Subjective,4,30–39,182,114,0.022276041300772154,0.021739492222177564,0.0005365490785945899,10258.0,0.6228410142093543,
empath_politeness,Empath: politeness,zero-filled,Subjective,5,40–49,181,111,0.006604801769457343,0.009065669109280899,-0.002460867339823556,9942.0,0.5495433045565266,
empath_politeness,Empath: politeness,zero-filled,Subjective,6,50–99,466,282,0.026959333820163984,0.048380000422815934,-0.02142066660265195,65749.5,0.9629423476179781,
empath_politeness,Empath: politeness,zero-filled,Subjective,7,100+,573,662,0.05722021569591225,0.013254847090033384,0.043965368605878866,194083.5,0.02597465659146853,**
empath_politeness,Empath: politeness,zero-filled,Factual,1,1–9,2459,2079,0.022577373652197513,0.01964318319390009,0.002934190458297424,2561660.5,0.6157244468931141,
empath_politeness,Empath: politeness,zero-filled,Factual,2,10–19,272,436,0.00975962428490665,0.0064884864531214465,0.0032711378317852036,59305.0,0.9889828718254183,
empath_politeness,Empath: politeness,zero-filled,Factual,3,20–29,120,210,0.08914343434257326,0.012097298800254832,0.07704613554231843,13263.5,0.010551370276609181,**
empath_politeness,Empath: politeness,zero-filled,Factual,4,30–39,161,88,0.027975457037241934,0.022740801912330712,0.0052346551249112215,6853.0,0.11022722765290632,
empath_politeness,Empath: politeness,zero-filled,Factual,5,40–49,140,87,0.011586796064999166,0.0,0.011586796064999166,6264.0,0.11352511845048419,
empath_politeness,Empath: politeness,zero-filled,Factual,6,50–99,424,229,0.018107363976763408,0.01844157224074114,-0.00033420826397773107,48113.0,0.516518108281679,
empath_politeness,Empath: politeness,zero-filled,Factual,7,100+,494,577,0.02727456432505691,0.03395198170643964,-0.006677417381382732,141145.0,0.3833434059069444,
empath_social,Empath: social,zero-filled,All,1,1–9,5538,4706,0.07869975573411091,0.07643297066922004,0.002266785064890864,13116771.0,0.19371292151641428,
empath_social,Empath: social,zero-filled,All,2,10–19,632,960,0.07409492271982163,0.07663847900874433,-0.0025435562889227076,307702.5,0.311677368229322,
empath_social,Empath: social,zero-filled,All,3,20–29,277,452,0.09523397216629628,0.09612241907318274,-0.0008884469068864559,64448.0,0.2126389921712547,
empath_social,Empath: social,zero-filled,All,4,30–39,343,202,0.0916983684670261,0.1016036736769179,-0.009905305209891802,34162.5,0.6107516424173004,
empath_social,Empath: social,zero-filled,All,5,40–49,321,198,0.11572044057754828,0.023070621348340307,0.09264981922920798,32721.0,0.1607121113351937,
empath_social,Empath: social,zero-filled,All,6,50–99,890,511,0.07882636468372793,0.06593611051311675,0.012890254170611182,229675.0,0.5161749028386138,
empath_social,Empath: social,zero-filled,All,7,100+,1067,1239,0.10676156151765864,0.10765570299085105,-0.000894141473192403,670566.0,0.242294703696186,
empath_social,Empath: social,zero-filled,Subjective,1,1–9,3079,2627,0.08134768602979302,0.08788103791345107,-0.006533351883658056,4049381.5,0.8567102840281754,
empath_social,Empath: social,zero-filled,Subjective,2,10–19,360,524,0.05825058213974123,0.087806731774254,-0.029556149634512766,94922.5,0.7414038374688157,
empath_social,Empath: social,zero-filled,Subjective,3,20–29,157,242,0.07418320229829017,0.13905669176017407,-0.0648734894618839,18586.5,0.5264466980407667,
empath_social,Empath: social,zero-filled,Subjective,4,30–39,182,114,0.10357687724721787,0.14528418779952293,-0.04170731055230506,9821.5,0.16412890851718798,
empath_social,Empath: social,zero-filled,Subjective,5,40–49,181,111,0.109013584187594,0.011607714042193728,0.09740587014540028,10398.0,0.17460421477935428,
empath_social,Empath: social,zero-filled,Subjective,6,50–99,466,282,0.08563346962894608,0.07796527591508007,0.007668193713866012,67591.0,0.18405365495587644,
empath_social,Empath: social,zero-filled,Subjective,7,100+,573,662,0.12936987204709716,0.09040523071177392,0.038964641335323236,196303.5,0.03945388122687336,**
empath_social,Empath: social,zero-filled,Factual,1,1–9,2459,2079,0.07538418949563787,0.061967327258640466,0.013416862236997402,2590258.0,0.06759732930910234,*
empath_social,Empath: social,zero-filled,Factual,2,10–19,272,436,0.09506537348757513,0.06321608348322351,0.03184929000435162,60708.5,0.2504295892566556,
empath_social,Empath: social,zero-filled,Factual,3,20–29,120,210,0.12277539607693765,0.04664578102436416,0.07612961505257348,13728.0,0.005137270549982061,***
empath_social,Empath: social,zero-filled,Factual,4,30–39,161,88,0.07827048897637455,0.04501755310899775,0.0332529358673768,7352.0,0.3269709558252999,
empath_social,Empath: social,zero-filled,Factual,5,40–49,140,87,0.12439144776741774,0.03769570998032042,0.08669573778709733,6231.0,0.5104166537298871,
empath_social,Empath: social,zero-filled,Factual,6,50–99,424,229,0.0713449710411061,0.05112290246353746,0.020222068577568635,47982.0,0.5972543237569465,
empath_social,Empath: social,zero-filled,Factual,7,100+,494,577,0.08053775193594145,0.12744740602161195,-0.046909654085670494,141202.0,0.6084569977134028,
empath_cognitive_processes,Empath: cognitive,zero-filled,All,1,1–9,5538,4706,0.19380811958758712,0.1873570977563494,0.006451021831237719,13185476.0,0.08116687546096357,*
empath_cognitive_processes,Empath: cognitive,zero-filled,All,2,10–19,632,960,0.2581658447439785,0.21703715469931162,0.041128690044666905,308808.5,0.3545653594102467,
empath_cognitive_processes,Empath: cognitive,zero-filled,All,3,20–29,277,452,0.3853745430663095,0.28315927352679654,0.10221526953951299,65904.0,0.11101868068147323,
empath_cognitive_processes,Empath: cognitive,zero-filled,All,4,30–39,343,202,0.2710704186783378,0.24659395351070837,0.02447646516762944,33982.0,0.5982756896515656,
empath_cognitive_processes,Empath: cognitive,zero-filled,All,5,40–49,321,198,0.2881655188016551,0.24060124137169397,0.04756427742996111,33038.5,0.2458239388604574,
empath_cognitive_processes,Empath: cognitive,zero-filled,All,6,50–99,890,511,0.23060247091526861,0.20149024102929922,0.0291122298859694,226550.0,0.8624181668648753,
empath_cognitive_processes,Empath: cognitive,zero-filled,All,7,100+,1067,1239,0.23127004858827763,0.2441310022960668,-0.012860953707789169,663930.5,0.7911363921722013,
empath_cognitive_processes,Empath: cognitive,zero-filled,Subjective,1,1–9,3079,2627,0.20264743870299903,0.20130305869064918,0.0013443800123498495,4098596.5,0.14760859306654506,
empath_cognitive_processes,Empath: cognitive,zero-filled,Subjective,2,10–19,360,524,0.23664251889905819,0.23935228673633052,-0.0027097678372723366,94136.5,0.9405111679480392,
empath_cognitive_processes,Empath: cognitive,zero-filled,Subjective,3,20–29,157,242,0.4054382134027293,0.2599077379517385,0.1455304754509908,20655.5,0.05460337308996157,*
empath_cognitive_processes,Empath: cognitive,zero-filled,Subjective,4,30–39,182,114,0.21418886602243198,0.21341421984593745,0.0007746461764945312,9859.5,0.3070745128934046,
empath_cognitive_processes,Empath: cognitive,zero-filled,Subjective,5,40–49,181,111,0.345407872119098,0.12189739296364596,0.22351047915545205,10878.5,0.06551958072820359,*
empath_cognitive_processes,Empath: cognitive,zero-filled,Subjective,6,50–99,466,282,0.22554431702108457,0.2264442198529487,-0.0008999028318641411,65749.5,0.9821887117623832,
empath_cognitive_processes,Empath: cognitive,zero-filled,Subjective,7,100+,573,662,0.2306439391447433,0.23596592198802577,-0.0053219828432824745,192586.5,0.49977966739903124,
empath_cognitive_processes,Empath: cognitive,zero-filled,Factual,1,1–9,2459,2079,0.182740098621197,0.1697351451953078,0.013004953425889199,2581343.5,0.3229704288923182,
empath_cognitive_processes,Empath: cognitive,zero-filled,Factual,2,10–19,272,436,0.286652599538726,0.19021805105849077,0.09643454848023525,61863.0,0.13794399114261682,
empath_cognitive_processes,Empath: cognitive,zero-filled,Factual,3,20–29,120,210,0.35912457437616013,0.30995390023710157,0.04917067413905857,12733.0,0.8276985089664366,
empath_cognitive_processes,Empath: cognitive,zero-filled,Factual,4,30–39,161,88,0.33537130428936185,0.28957679030370703,0.04579451398565482,7190.5,0.7836138030738566,
empath_cognitive_processes,Empath: cognitive,zero-filled,Factual,5,40–49,140,87,0.2141593334412468,0.39205097899575525,-0.17789164555450845,5992.0,0.7602023021086898,
empath_cognitive_processes,Empath: cognitive,zero-filled,Factual,6,50–99,424,229,0.23616166835557453,0.17076088719406263,0.0654007811615119,48109.0,0.7740144996564491,
empath_cognitive_processes,Empath: cognitive,zero-filled,Factual,7,100+,494,577,0.23199628484565657,0.25349891072574304,-0.021502625880086473,141359.5,0.7398942955458909,
empath_certainty,Empath: certainty,zero-filled,All,1,1–9,5538,4706,0.06237707164746797,0.0641436549387711,-0.0017665832913031296,13084037.0,0.38776425776938606,
empath_certainty,Empath: certainty,zero-filled,All,2,10–19,632,960,0.08640375841213258,0.06237998904735432,0.024023769364778257,306741.5,0.44013294280485993,
empath_certainty,Empath: certainty,zero-filled,All,3,20–29,277,452,0.09510148387946812,0.07099120376076369,0.024110280118704433,65393.5,0.0623479501663769,*
empath_certainty,Empath: certainty,zero-filled,All,4,30–39,343,202,0.09532497577111368,0.09251519153879924,0.002809784232314441,33572.5,0.2450618154827372,
empath_certainty,Empath: certainty,zero-filled,All,5,40–49,321,198,0.04865232407355555,0.09172156884957455,-0.043069244776019006,31678.5,0.8776804384345349,
empath_certainty,Empath: certainty,zero-filled,All,6,50–99,890,511,0.08824407222955837,0.054585472492148845,0.03365859973740952,230595.0,0.3639914695961455,
empath_certainty,Empath: certainty,zero-filled,All,7,100+,1067,1239,0.10240673347263456,0.11434192249073315,-0.011935189018098591,657171.0,0.6563567375558699,
empath_certainty,Empath: certainty,zero-filled,Subjective,1,1–9,3079,2627,0.059171750840020146,0.0649169890613546,-0.0057452382213344505,4054837.5,0.6823528569932957,
empath_certainty,Empath: certainty,zero-filled,Subjective,2,10–19,360,524,0.06382741949232229,0.07080627309081992,-0.0069788535984976335,94103.0,0.9026037299303137,
empath_certainty,Empath: certainty,zero-filled,Subjective,3,20–29,157,242,0.09959493315205241,0.07568925311211835,0.023905680039934055,20070.0,0.09752246998594037,*
empath_certainty,Empath: certainty,zero-filled,Subjective,4,30–39,182,114,0.04439853304000372,0.11044974790558855,-0.06605121486558482,9704.0,0.05271434832543335,*
empath_certainty,Empath: certainty,zero-filled,Subjective,5,40–49,181,111,0.06016853072404276,0.06633317338821697,-0.006164642664174207,10022.5,0.9385721470250815,
empath_certainty,Empath: certainty,zero-filled,Subjective,6,50–99,466,282,0.06389677053885072,0.05035137446176481,0.013545396077085908,67070.0,0.3229346182112375,
empath_certainty,Empath: certainty,zero-filled,Subjective,7,100+,573,662,0.10142213747553623,0.11469069591621474,-0.013268558440678507,191909.0,0.5166117513767421,
empath_certainty,Empath: certainty,zero-filled,Factual,1,1–9,2459,2079,0.06639056606232435,0.0631664790176423,0.00322408704468205,2571253.0,0.3982846959339005,
empath_certainty,Empath: certainty,zero-filled,Factual,2,10–19,272,436,0.11628420698246969,0.05225298712355623,0.06403121985891347,61022.5,0.1960909550977492,
empath_certainty,Empath: certainty,zero-filled,Factual,3,20–29,120,210,0.08922255441450365,0.06557726117491687,0.02364529323958678,12953.0,0.39653199100332415,
empath_certainty,Empath: certainty,zero-filled,Factual,4,30–39,161,88,0.15289399798889014,0.06928178897273124,0.0836122090161589,7148.5,0.832514607300979,
empath_certainty,Empath: certainty,zero-filled,Factual,5,40–49,140,87,0.033763514046854216,0.12411365961061702,-0.09035014556376281,6064.0,0.8814888614027212,
empath_certainty,Empath: certainty,zero-filled,Factual,6,50–99,424,229,0.11500313493679838,0.05979951460816761,0.05520362032863077,48846.5,0.7896603968628146,
empath_certainty,Empath: certainty,zero-filled,Factual,7,100+,494,577,0.10354878510489642,0.11394176996444402,-0.010392984859547608,138777.5,0.15767264759077126,
empath_positive_emotion,Empath: positive emotion,zero-filled,All,1,1–9,5538,4706,0.21179010035046983,0.20881272993163355,0.002977370418836278,13068549.5,0.675861207687482,
empath_positive_emotion,Empath: positive emotion,zero-filled,All,2,10–19,632,960,0.20013438898099023,0.2790074627225716,-0.07887307374158137,293525.5,0.09371038102029781,*
empath_positive_emotion,Empath: positive emotion,zero-filled,All,3,20–29,277,452,0.26217147909982846,0.2042474032427196,0.057924075857108875,65541.0,0.12560648142476658,
empath_positive_emotion,Empath: positive emotion,zero-filled,All,4,30–39,343,202,0.17181108718477855,0.29680022844348597,-0.12498914125870741,31085.5,0.003999416752770001,***
empath_positive_emotion,Empath: positive emotion,zero-filled,All,5,40–49,321,198,0.15899742725851404,0.19865917805412728,-0.03966175079561324,31000.5,0.43257201012892676,
empath_positive_emotion,Empath: positive emotion,zero-filled,All,6,50–99,890,511,0.23804340983178685,0.24657031410234642,-0.008526904270559577,232393.5,0.3042875413568763,
empath_positive_emotion,Empath: positive emotion,zero-filled,All,7,100+,1067,1239,0.26394944227186007,0.2862697391899156,-0.022320296918055538,660446.5,0.9603266215644681,
empath_positive_emotion,Empath: positive emotion,zero-filled,Subjective,1,1–9,3079,2627,0.22150063430768221,0.21965463668132332,0.0018459976263588973,4039685.0,0.9040733758364383,
empath_positive_emotion,Empath: positive emotion,zero-filled,Subjective,2,10–19,360,524,0.20841183567055094,0.3103376124879789,-0.10192577681742798,91884.5,0.33202094444241126,
empath_positive_emotion,Empath: positive emotion,zero-filled,Subjective,3,20–29,157,242,0.2870171738200997,0.25534713946208026,0.03167003435801946,19596.5,0.4725052569865227,
empath_positive_emotion,Empath: positive emotion,zero-filled,Subjective,4,30–39,182,114,0.20106131019811788,0.30926262173208474,-0.10820131153396687,9750.0,0.20611727085494114,
empath_positive_emotion,Empath: positive emotion,zero-filled,Subjective,5,40–49,181,111,0.13438461541831195,0.19085427049627338,-0.05646965507796142,9622.5,0.31284786415567056,
empath_positive_emotion,Empath: positive emotion,zero-filled,Subjective,6,50–99,466,282,0.2193352045724378,0.2580376758984957,-0.03870247132605789,67572.5,0.32827828981176943,
empath_positive_emotion,Empath: positive emotion,zero-filled,Subjective,7,100+,573,662,0.29693239686403744,0.2945619221802824,0.002370474683755064,192092.5,0.5855830672710927,
empath_positive_emotion,Empath: positive emotion,zero-filled,Factual,1,1–9,2459,2079,0.1996312007757415,0.19511302380780718,0.004518176967934329,2576777.0,0.4270936235256544,
empath_positive_emotion,Empath: positive emotion,zero-filled,Factual,2,10–19,272,436,0.1891789448330422,0.24135379649075175,-0.05217485165770955,56760.5,0.12728067774366672,
empath_positive_emotion,Empath: positive emotion,zero-filled,Factual,3,20–29,120,210,0.22966502850747356,0.14536104055183718,0.08430398795563637,13364.5,0.1451716090254772,
empath_positive_emotion,Empath: positive emotion,zero-filled,Factual,4,30–39,161,88,0.13874561769143848,0.2806557644105286,-0.1419101467190901,5968.5,0.0036079315276244042,***
empath_positive_emotion,Empath: positive emotion,zero-filled,Factual,5,40–49,140,87,0.1908182768519181,0.20861716355897536,-0.01779888670705726,6073.5,0.95556438855466,
empath_positive_emotion,Empath: positive emotion,zero-filled,Factual,6,50–99,424,229,0.2586047863668261,0.23244893407390058,0.026155852292925524,49241.5,0.6522721614511064,
empath_positive_emotion,Empath: positive emotion,zero-filled,Factual,7,100+,494,577,0.2256918856295165,0.2767560041125797,-0.05106411848306322,140127.0,0.4965498898066467,
empath_negative_emotion,Empath: negative emotion,zero-filled,All,1,1–9,5538,4706,0.35133657986336025,0.3310880055745896,0.020248574288770638,13129208.5,0.3359748653903035,
empath_negative_emotion,Empath: negative emotion,zero-filled,All,2,10–19,632,960,0.3218357602063717,0.35091309692965805,-0.02907733672328633,297819.5,0.39737496292184793,
empath_negative_emotion,Empath: negative emotion,zero-filled,All,3,20–29,277,452,0.48784741574248547,0.41888854125607033,0.06895887448641513,65583.0,0.17170022143923813,
empath_negative_emotion,Empath: negative emotion,zero-filled,All,4,30–39,343,202,0.4449154870397644,0.4463437058148533,-0.001428218775088863,33024.0,0.24781938037438966,
empath_negative_emotion,Empath: negative emotion,zero-filled,All,5,40–49,321,198,0.32956065125103645,0.45228358003531455,-0.1227229287842781,30067.5,0.14177652683113665,
empath_negative_emotion,Empath: negative emotion,zero-filled,All,6,50–99,890,511,0.36939647390499564,0.4502721566322171,-0.08087568272722145,230151.0,0.6148510010890693,
empath_negative_emotion,Empath: negative emotion,zero-filled,All,7,100+,1067,1239,0.40389164308099895,0.45215674251305815,-0.0482650994320592,663751.0,0.8247658724985572,
empath_negative_emotion,Empath: negative emotion,zero-filled,Subjective,1,1–9,3079,2627,0.3559716362311773,0.3406964861197855,0.0152751501113918,4066327.0,0.6071072221689202,
empath_negative_emotion,Empath: negative emotion,zero-filled,Subjective,2,10–19,360,524,0.32920545317209365,0.4073268851149296,-0.07812143194283594,92127.0,0.42582256343218106,
empath_negative_emotion,Empath: negative emotion,zero-filled,Subjective,3,20–29,157,242,0.5436188844359101,0.42623504429276654,0.11738384014314357,20185.0,0.1843029223821565,
empath_negative_emotion,Empath: negative emotion,zero-filled,Subjective,4,30–39,182,114,0.500432342893848,0.4463085164218475,0.05412382647200048,10070.5,0.597955939517767,
empath_negative_emotion,Empath: negative emotion,zero-filled,Subjective,5,40–49,181,111,0.28610467111198457,0.4211298002875845,-0.13502512917559994,9164.5,0.0653385544144295,*
empath_negative_emotion,Empath: negative emotion,zero-filled,Subjective,6,50–99,466,282,0.3880024014607805,0.3921286194706422,-0.004126218009861682,67473.5,0.4086219164668675,
empath_negative_emotion,Empath: negative emotion,zero-filled,Subjective,7,100+,573,662,0.4279004662288698,0.4346313493430429,-0.006730883114173136,194926.5,0.27858387596120815,
empath_negative_emotion,Empath: negative emotion,zero-filled,Factual,1,1–9,2459,2079,0.3455328634922709,0.318946842326764,0.0265860211655069,2582288.0,0.3789676314766387,
empath_negative_emotion,Empath: negative emotion,zero-filled,Factual,2,10–19,272,436,0.3120817548105632,0.2831130395693776,0.028968715241185605,58494.5,0.673474426856039,
empath_negative_emotion,Empath: negative emotion,zero-filled,Factual,3,20–29,120,210,0.4148797442019215,0.41042257108997277,0.004457173111948709,12891.5,0.6563524594424259,
empath_negative_emotion,Empath: negative emotion,zero-filled,Factual,4,30–39,161,88,0.3821573021612351,0.44638929207397465,-0.06423198991273954,6612.0,0.26114434881099613,
empath_negative_emotion,Empath: negative emotion,zero-filled,Factual,5,40–49,140,87,0.3857430255736678,0.4920315059203493,-0.10628848034668148,6039.5,0.8860381682326562,
empath_negative_emotion,Empath: negative emotion,zero-filled,Factual,6,50–99,424,229,0.34894750635547733,0.521872494970925,-0.1729249886154477,48279.0,0.8773805492243566,
empath_negative_emotion,Empath: negative emotion,zero-filled,Factual,7,100+,494,577,0.3760433522637316,0.4722638660460739,-0.09622051378234231,139207.0,0.39872873809825315,
empath_disputes,Empath: disputes,zero-filled,All,1,1–9,5538,4706,0.2253603078028155,0.21389893759246184,0.01146137021035365,13078239.5,0.6062845757139352,
empath_disputes,Empath: disputes,zero-filled,All,2,10–19,632,960,0.3306461163796047,0.22771164320919404,0.10293447317041068,315721.0,0.04071937775413207,**
empath_disputes,Empath: disputes,zero-filled,All,3,20–29,277,452,0.3020488556786022,0.3210452462465385,-0.01899639056793634,63360.0,0.7104768420666459,
empath_disputes,Empath: disputes,zero-filled,All,4,30–39,343,202,0.2722208728023948,0.3965029388803816,-0.12428206607798675,31639.5,0.02084936352919317,**
empath_disputes,Empath: disputes,zero-filled,All,5,40–49,321,198,0.32542784972770616,0.30945969642925225,0.015968153298453913,31273.0,0.6514939664801919,
empath_disputes,Empath: disputes,zero-filled,All,6,50–99,890,511,0.3437138072133395,0.31232765991428146,0.03138614729905803,230210.5,0.5954675791297159,
empath_disputes,Empath: disputes,zero-filled,All,7,100+,1067,1239,0.29566198114740766,0.331363216144537,-0.03570123499712935,658008.5,0.7954412802857352,
empath_disputes,Empath: disputes,zero-filled,Subjective,1,1–9,3079,2627,0.2320604758443634,0.2229177708244457,0.009142705019917707,4076012.0,0.4095262530182642,
empath_disputes,Empath: disputes,zero-filled,Subjective,2,10–19,360,524,0.37876324166078973,0.2100974323479102,0.16866580931287953,99718.5,0.034941512613977425,**
empath_disputes,Empath: disputes,zero-filled,Subjective,3,20–29,157,242,0.43096976328482905,0.30722301916231487,0.12374674412251419,20324.5,0.1239728145713364,
empath_disputes,Empath: disputes,zero-filled,Subjective,4,30–39,182,114,0.31072754082093873,0.3792554706147724,-0.06852792979383365,9939.5,0.4111343313017499,
empath_disputes,Empath: disputes,zero-filled,Subjective,5,40–49,181,111,0.2904808227309714,0.19505613554571305,0.09542468718525837,10208.0,0.7245275282620292,
empath_disputes,Empath: disputes,zero-filled,Subjective,6,50–99,466,282,0.2872119458026785,0.3235331045430868,-0.03632115874040831,65070.0,0.7569917823982794,
empath_disputes,Empath: disputes,zero-filled,Subjective,7,100+,573,662,0.33684779485081107,0.3313415761957232,0.00550621865508788,194383.0,0.29981584202285394,
empath_disputes,Empath: disputes,zero-filled,Factual,1,1–9,2459,2079,0.21697079279674553,0.20250284576926722,0.014467947027478306,2551626.0,0.8664764764251769,
empath_disputes,Empath: disputes,zero-filled,Factual,2,10–19,272,436,0.2669616858603893,0.2488810158956911,0.01808066996469823,60465.5,0.5006860307112961,
empath_disputes,Empath: disputes,zero-filled,Factual,3,20–29,120,210,0.13337733489378867,0.33697371745788196,-0.2035963825640933,11830.5,0.1893223726253731,
empath_disputes,Empath: disputes,zero-filled,Factual,4,30–39,161,88,0.22869159591186686,0.418846250042648,-0.19015465413078117,6079.5,0.010912922842834426,**
empath_disputes,Empath: disputes,zero-filled,Factual,5,40–49,140,87,0.370609363202056,0.45542286031514717,-0.08481349711309116,5752.5,0.31426672459685656,
empath_disputes,Empath: disputes,zero-filled,Factual,6,50–99,424,229,0.40581255112222636,0.298528815436888,0.10728373568533839,50388.0,0.27902157204297096,
empath_disputes,Empath: disputes,zero-filled,Factual,7,100+,494,577,0.24788977213516028,0.33138804395409466,-0.08349827181893438,137135.0,0.13938393497266685,
polite_gratitude,Politeness: gratitude,zero-filled,All,1,1–9,5538,4706,0.033962822519160545,0.031569037162959813,0.002393785356200731,13081091.0,0.3285910867847286,
polite_gratitude,Politeness: gratitude,zero-filled,All,2,10–19,632,960,0.022943037974683545,0.024809027777777774,-0.0018659898030942285,301930.5,0.6147726932924932,
polite_gratitude,Politeness: gratitude,zero-filled,All,3,20–29,277,452,0.07129963898916966,0.03840285820374316,0.0328967807854265,65373.0,0.027030595326573023,**
polite_gratitude,Politeness: gratitude,zero-filled,All,4,30–39,343,202,0.03873386089129529,0.03382838283828383,0.004905478053011461,34943.0,0.669514857774621,
polite_gratitude,Politeness: gratitude,zero-filled,All,5,40–49,321,198,0.04724818276220145,0.022727272727272728,0.02452091003492872,32754.0,0.09955378316873595,*
polite_gratitude,Politeness: gratitude,zero-filled,All,6,50–99,890,511,0.04679775280898876,0.05981735159817351,-0.013019598789184746,224848.0,0.40857886298656443,
polite_gratitude,Politeness: gratitude,zero-filled,All,7,100+,1067,1239,0.04775590961157971,0.026284638149044925,0.021471271462534785,676303.5,0.009371552960948434,***
polite_gratitude,Politeness: gratitude,zero-filled,Subjective,1,1–9,3079,2627,0.040674280971455375,0.031889988580129425,0.00878429239132595,4078201.0,0.12855040649646002,
polite_gratitude,Politeness: gratitude,zero-filled,Subjective,2,10–19,360,524,0.027314814814814813,0.025731552162849874,0.0015832626519649388,94398.5,0.9499516202682513,
polite_gratitude,Politeness: gratitude,zero-filled,Subjective,3,20–29,157,242,0.06740976645435244,0.050928754441151136,0.016481012013201304,19529.0,0.3293165447416956,
polite_gratitude,Politeness: gratitude,zero-filled,Subjective,4,30–39,182,114,0.025379382522239664,0.03070175438596491,-0.005322371863725247,10371.0,0.9921597285581878,
polite_gratitude,Politeness: gratitude,zero-filled,Subjective,5,40–49,181,111,0.046040515653775316,0.013513513513513514,0.0325270021402618,10421.0,0.11950359665951524,
polite_gratitude,Politeness: gratitude,zero-filled,Subjective,6,50–99,466,282,0.05228898426323319,0.05017730496453901,0.0021116792986941788,65662.5,0.9723327772404537,
polite_gratitude,Politeness: gratitude,zero-filled,Subjective,7,100+,573,662,0.05274384331975955,0.028952668680765355,0.023791174638994196,193311.0,0.12586552866459585,
polite_gratitude,Politeness: gratitude,zero-filled,Factual,1,1–9,2459,2079,0.025559170394469297,0.031163486719042274,-0.005604316324572978,2551540.0,0.7468249013922617,
polite_gratitude,Politeness: gratitude,zero-filled,Factual,2,10–19,272,436,0.017156862745098037,0.023700305810397553,-0.006543443065299515,58573.5,0.35334475607198035,
polite_gratitude,Politeness: gratitude,zero-filled,Factual,3,20–29,120,210,0.07638888888888888,0.02396825396825397,0.05242063492063491,13388.0,0.022364020271879812,**
polite_gratitude,Politeness: gratitude,zero-filled,Factual,4,30–39,161,88,0.05383022774327122,0.03787878787878787,0.015951439864483344,7210.5,0.5957528910335892,
polite_gratitude,Politeness: gratitude,zero-filled,Factual,5,40–49,140,87,0.04880952380952381,0.034482758620689655,0.014326765188834155,6225.0,0.452299597788132,
polite_gratitude,Politeness: gratitude,zero-filled,Factual,6,50–99,424,229,0.0407625786163522,0.07168850072780203,-0.03092592211144983,47428.5,0.23622467930627378,
polite_gratitude,Politeness: gratitude,zero-filled,Factual,7,100+,494,577,0.04197031039136302,0.023223570190641248,0.018746740200721774,146459.0,0.02782171184042738,**
receptiveness,Yeomans receptiveness,conditional,All,1,1–9,2413,2028,-0.2246474136208975,-0.22868011175615965,0.004032698135262164,2486373.0,0.35225469741925086,
receptiveness,Yeomans receptiveness,conditional,All,2,10–19,300,470,-0.24358304943176706,-0.23415956435161392,-0.009423485080153143,69773.0,0.8092620295471646,
receptiveness,Yeomans receptiveness,conditional,All,3,20–29,178,247,-0.23181825766076986,-0.23330862408428393,0.0014903664235140779,22070.5,0.9444812466083585,
receptiveness,Yeomans receptiveness,conditional,All,4,30–39,173,126,-0.21881142071812185,-0.2528295212263532,0.03401810050823137,11052.5,0.8358069940371631,
receptiveness,Yeomans receptiveness,conditional,All,5,40–49,163,98,-0.23150292397160843,-0.22137396838395818,-0.010128955587650257,7856.5,0.8257687669209823,
receptiveness,Yeomans receptiveness,conditional,All,6,50–99,467,276,-0.23215285931390564,-0.19964123639025247,-0.03251162292365317,57486.0,0.01381916855653351,**
receptiveness,Yeomans receptiveness,conditional,All,7,100+,612,727,-0.2171740073172235,-0.2197024419074559,0.002528434590232387,220175.0,0.7456411352206231,
receptiveness,Yeomans receptiveness,conditional,Subjective,1,1–9,1332,1118,-0.22524179997845326,-0.22552941252589795,0.00028761254744469333,750067.5,0.7533966347176142,
receptiveness,Yeomans receptiveness,conditional,Subjective,2,10–19,168,262,-0.2530357657344733,-0.23791135296670282,-0.015124412767770462,21164.0,0.5023015545474305,
receptiveness,Yeomans receptiveness,conditional,Subjective,3,20–29,103,138,-0.2467147434425289,-0.23353275808176807,-0.013181985360760817,6865.5,0.6526108937581228,
receptiveness,Yeomans receptiveness,conditional,Subjective,4,30–39,91,67,-0.22107728554698758,-0.2601614542723138,0.03908416872532622,3183.5,0.6360561576346102,
receptiveness,Yeomans receptiveness,conditional,Subjective,5,40–49,89,50,-0.2281142467670876,-0.20941008943698264,-0.01870415733010497,2178.0,0.8382886386726796,
receptiveness,Yeomans receptiveness,conditional,Subjective,6,50–99,246,144,-0.22305342536965922,-0.19765685562701624,-0.025396569742642983,16270.5,0.17982714157617785,
receptiveness,Yeomans receptiveness,conditional,Subjective,7,100+,325,384,-0.2178423680968346,-0.2145400176654103,-0.0033023504314242946,60539.5,0.49366335428499397,
receptiveness,Yeomans receptiveness,conditional,Factual,1,1–9,1081,910,-0.22391501525987595,-0.23255097081048115,0.008635955550605201,505091.0,0.30031258527420857,
receptiveness,Yeomans receptiveness,conditional,Factual,2,10–19,132,208,-0.23155231959195907,-0.22943375369222313,-0.0021185658997359413,14105.5,0.6695100999867296,
receptiveness,Yeomans receptiveness,conditional,Factual,3,20–29,75,109,-0.21136041718715398,-0.23302485810581774,0.021664440918663763,4335.0,0.48657384847253693,
receptiveness,Yeomans receptiveness,conditional,Factual,4,30–39,82,59,-0.21629686340803916,-0.24450342776738102,0.02820656435934185,2372.0,0.8459078442490453,
receptiveness,Yeomans receptiveness,conditional,Factual,5,40–49,74,48,-0.23557849520407273,-0.23383634228705766,-0.0017421529170150718,1737.5,0.8421410877080647,
receptiveness,Yeomans receptiveness,conditional,Factual,6,50–99,221,132,-0.24228164098940166,-0.201806015404692,-0.04047562558470966,12575.0,0.030211637353652152,**
receptiveness,Yeomans receptiveness,conditional,Factual,7,100+,287,343,-0.21641715277585205,-0.2254819489306206,0.009064796154768545,49798.5,0.7996253116101693,
